Unnamed: 0,Unnamed: 1,Unnamed: 2,Unnamed: 3,Unnamed: 4,Unnamed: 5,Unnamed: 6,A,Class_A_Hong_Kong_Island,Unnamed: 9,Unnamed: 10,Class_A_Kowloon,Unnamed: 12,Unnamed: 13,Class_A_New_Territories,Unnamed: 15,B,Class_B_Hong_Kong_Island,Unnamed: 18,Unnamed: 19,Class_B_Kowloon,Unnamed: 21,Unnamed: 22,Class_B_New_Territories,Unnamed: 24,C,Class_C_Hong_Kong_Island,Unnamed: 27,Unnamed: 28,Class_C_Kowloon,Unnamed: 30,Unnamed: 31,Class_C_New_Territories,Unnamed: 33,D,Class_D_Hong_Kong_Island,Unnamed: 36,Unnamed: 37,Class_D_Kowloon,Unnamed: 39,Unnamed: 40,Class_D_New_Territories,Unnamed: 42,E,Class_E_Hong_Kong_Island,Unnamed: 45,Unnamed: 46,Class_E_Kowloon,Unnamed: 48,Unnamed: 49,Class_E_New_Territories,Unnamed: 51,Date,Year,Month
類 別  Class,,,,,,,,190.0,,,171.0,,,133.0,,,199.0,,,165.0,,,118.0,,,249.0,,,187.0,,,150.0,,,284.0,,,198.0,,,185.0,,,301.0,,,185.0,,,191.0,,1982-01-31,1982,1
,,,,,,,,190.0,,,171.0,,,133.0,,,199.0,,,165.0,,,118.0,,,249.0,,,187.0,,,150.0,,,284.0,,,198.0,,,185.0,,,301.0,,,185.0,,,191.0,,1982-02-28,1982,2
,,,,,,,,190.0,,,171.0,,,133.0,,,199.0,,,165.0,,,118.0,,,249.0,,,187.0,,,150.0,,,284.0,,,198.0,,,185.0,,,301.0,,,185.0,,,191.0,,1982-03-31,1982,3
,,,,,,,,190.0,,,171.0,,,133.0,,,199.0,,,165.0,,,118.0,,,249.0,,,187.0,,,150.0,,,284.0,,,198.0,,,185.0,,,301.0,,,185.0,,,191.0,,1982-04-30,1982,4
,,,,,,,,190.0,,,171.0,,,133.0,,,199.0,,,165.0,,,118.0,,,249.0,,,187.0,,,150.0,,,284.0,,,198.0,,,185.0,,,301.0,,,185.0,,,191.0,,1982-05-31,1982,5
,1999.0,,,,1.0,,,190.0,,,171.0,,,133.0,,,199.0,,,165.0,,,118.0,,,249.0,,,187.0,,,150.0,,,284.0,,,198.0,,,185.0,,,301.0,,,185.0,,,191.0,,1982-06-30,1982,6
,,,,,2.0,,,196.0,,,173.0,,,133.0,,,204.0,,,165.0,,,114.0,,,239.0,,,177.0,,,144.0,,,268.0,,,196.0,,,173.0,,,311.0,,,213.0,,,152.0,,1982-07-31,1982,7
,,,,,3.0,,,199.0,,,170.0,,,133.0,,,197.0,,,160.0,,,117.0,,,247.0,,,177.0,,,142.0,,,262.0,,,174.0,,,186.0,,,301.0,,,194.0,,,190.0,,1982-08-31,1982,8
,,,,,4.0,,,191.0,,,171.0,,,135.0,,,200.0,,,156.0,,,116.0,,,256.0,,,182.0,,,134.0,,,279.0,,,172.0,,,170.0,,,313.0,,,221.0,,,172.0,,1982-09-30,1982,9
,,,,,5.0,,,191.0,,,175.0,,,127.0,,,188.0,,,155.0,,,113.0,,,233.0,,,175.0,,,133.0,,,279.0,,,180.0,,,180.0,,,289.0,,,168.0,,,162.0,,1982-10-31,1982,10
,,,,,6.0,,,193.0,,,176.0,,,129.0,,,197.0,,,153.0,,,113.0,,,253.0,,,186.0,,,146.0,,,272.0,,,210.0,,,164.0,,,306.0,,,246.0,,,171.0,,1982-11-30,1982,11
,,,,,7.0,,,193.0,,,177.0,,,133.0,,,200.0,,,154.0,,,116.0,,,255.0,,,181.0,,,133.0,,,273.0,,,167.0,,,162.0,,,322.0,,,142.0,,,177.0,,1982-12-31,1982,12
,,,,,8.0,,,198.0,,,172.0,,,132.0,,,200.0,,,155.0,,,114.0,,,251.0,,,186.0,,,139.0,,,275.0,,,196.0,,,184.0,,,308.0,,,159.0,,,160.0,,1983-01-31,1983,1
,,,,,9.0,,,194.0,,,176.0,,,131.0,,,203.0,,,156.0,,,115.0,,,253.0,,,177.0,,,136.0,,,271.0,,,198.0,,,170.0,,,310.0,,,153.0,,,189.0,,1983-02-28,1983,2
,,,,,10.0,,,194.0,,,177.0,,,135.0,,,196.0,,,159.0,,,125.0,,,257.0,,,196.0,,,145.0,,,274.0,,,191.0,,,203.0,,,294.0,,,188.0,,,198.0,,1983-03-31,1983,3
,,,,,11.0,,,184.0,,,176.0,,,141.0,,,189.0,,,153.0,,,119.0,,,236.0,,,196.0,,,136.0,,,264.0,,,195.0,,,156.0,,,309.0,,,199.0,,,170.0,,1983-04-30,1983,4
,,,,,12.0,,,183.0,,,168.0,,,137.0,,,183.0,,,158.0,,,121.0,,,251.0,,,177.0,,,146.0,,,277.0,,,158.0,,,180.0,,,319.0,,,173.0,,,169.0,,1983-05-31,1983,5
,2000.0,,,,1.0,,,187.0,,,166.0,,,132.0,,,188.0,,,149.0,,,116.0,,,244.0,,,166.0,,,140.0,,,264.0,,,183.0,,,171.0,,,321.0,,,180.0,,,203.0,,1983-06-30,1983,6
,,,,,2.0,,,185.0,,,169.0,,,134.0,,,188.0,,,150.0,,,115.0,,,242.0,,,161.0,,,137.0,,,269.0,,,219.0,,,188.0,,,302.0,,,251.0,,,166.0,,1983-07-31,1983,7
,,,,,3.0,,,191.0,,,172.0,,,133.0,,,192.0,,,154.0,,,118.0,,,249.0,,,180.0,,,137.0,,,277.0,,,183.0,,,178.0,,,308.0,,,182.0,,,190.0,,1983-08-31,1983,8
,,,,,4.0,,,194.0,,,167.0,,,128.0,,,195.0,,,146.0,,,118.0,,,258.0,,,159.0,,,147.0,,,270.0,,,175.0,,,174.0,,,296.0,,,180.0,,,176.0,,1983-09-30,1983,9
,,,,,5.0,,,192.0,,,167.0,,,130.0,,,200.0,,,146.0,,,115.0,,,244.0,,,177.0,,,139.0,,,281.0,,,198.0,,,170.0,,,317.0,,,192.0,,,162.0,,1983-10-31,1983,10
,,,,,6.0,,,193.0,,,164.0,,,126.0,,,198.0,,,145.0,,,114.0,,,248.0,,,168.0,,,143.0,,,277.0,,,176.0,,,182.0,,,299.0,,,179.0,,,150.0,,1983-11-30,1983,11
,,,,,7.0,,,191.0,,,164.0,,,126.0,,,193.0,,,149.0,,,114.0,,,253.0,,,174.0,,,140.0,,,278.0,,,204.0,,,188.0,,,320.0,,,203.0,,,173.0,,1983-12-31,1983,12
,,,,,8.0,,,186.0,,,164.0,,,125.0,,,197.0,,,145.0,,,116.0,,,248.0,,,155.0,,,142.0,,,278.0,,,195.0,,,191.0,,,326.0,,,184.0,,,168.0,,1984-01-31,1984,1
,,,,,9.0,,,196.0,,,160.0,,,132.0,,,205.0,,,149.0,,,118.0,,,264.0,,,181.0,,,150.0,,,287.0,,,181.0,,,180.0,,,340.0,,,197.0,,,181.0,,1984-02-29,1984,2
,,,,,10.0,,,193.0,,,163.0,,,132.0,,,205.0,,,149.0,,,120.0,,,250.0,,,183.0,,,150.0,,,268.0,,,175.0,,,184.0,,,330.0,,,203.0,,,163.0,,1984-03-31,1984,3
,,,,,11.0,,,194.0,,,168.0,,,128.0,,,197.0,,,157.0,,,120.0,,,262.0,,,161.0,,,150.0,,,280.0,,,190.0,,,203.0,,,319.0,,,182.0,,,184.0,,1984-04-30,1984,4
,,,,,12.0,,,193.0,,,162.0,,,131.0,,,209.0,,,155.0,,,120.0,,,266.0,,,205.0,,,145.0,,,284.0,,,247.0,,,205.0,,,309.0,,,255.0,,,178.0,,1984-05-31,1984,5
,2001.0,,,,1.0,,,188.0,,,161.0,,,126.0,,,196.0,,,164.0,,,120.0,,,268.0,,,224.0,,,147.0,,,287.0,,,258.0,,,186.0,,,338.0,,,251.0,,,178.0,,1984-06-30,1984,6
,,,,,2.0,,,195.0,,,160.0,,,127.0,,,199.0,,,152.0,,,115.0,,,259.0,,,209.0,,,162.0,,,273.0,,,303.0,,,191.0,,,324.0,,,221.0,,,187.0,,1984-07-31,1984,7
,,,,,3.0,,,196.0,,,158.0,,,124.0,,,194.0,,,147.0,,,115.0,,,256.0,,,190.0,,,141.0,,,285.0,,,243.0,,,182.0,,,306.0,,,249.0,,,210.0,,1984-08-31,1984,8
,,,,,4.0,,,191.0,,,155.0,,,123.0,,,195.0,,,147.0,,,110.0,,,253.0,,,172.0,,,136.0,,,281.0,,,242.0,,,172.0,,,317.0,,,194.0,,,188.0,,1984-09-30,1984,9
,,,,,5.0,,,191.0,,,157.0,,,121.0,,,188.0,,,147.0,,,113.0,,,258.0,,,190.0,,,140.0,,,288.0,,,217.0,,,193.0,,,330.0,,,200.0,,,194.0,,1984-10-31,1984,10
,,,,,6.0,,,187.0,,,152.0,,,119.0,,,192.0,,,138.0,,,112.0,,,254.0,,,176.0,,,140.0,,,296.0,,,238.0,,,183.0,,,327.0,,,180.0,,,153.0,,1984-11-30,1984,11
,,,,,7.0,,,184.0,,,150.0,,,117.0,,,192.0,,,148.0,,,110.0,,,253.0,,,177.0,,,137.0,,,303.0,,,232.0,,,173.0,,,343.0,,,206.0,,,197.0,,1984-12-31,1984,12
,,,,,8.0,,,182.0,,,149.0,,,121.0,,,194.0,,,142.0,,,108.0,,,256.0,,,183.0,,,140.0,,,292.0,,,223.0,,,181.0,,,336.0,,,151.0,,,187.0,,1985-01-31,1985,1
,,,,,9.0,,,186.0,,,153.0,,,118.0,,,194.0,,,146.0,,,113.0,,,254.0,,,187.0,,,138.0,,,279.0,,,218.0,,,157.0,,,340.0,,,185.0,,,184.0,,1985-02-28,1985,2
,,,,,10.0,,,185.0,,,150.0,,,119.0,,,191.0,,,144.0,,,117.0,,,249.0,,,176.0,,,147.0,,,280.0,,,211.0,,,153.0,,,329.0,,,227.0,,,220.0,,1985-03-31,1985,3
,,,,,11.0,,,180.0,,,146.0,,,115.0,,,183.0,,,146.0,,,110.0,,,249.0,,,164.0,,,142.0,,,251.0,,,207.0,,,176.0,,,322.0,,,152.0,,,188.0,,1985-04-30,1985,4
,,,,,12.0,,,175.0,,,144.0,,,115.0,,,176.0,,,136.0,,,108.0,,,238.0,,,177.0,,,135.0,,,258.0,,,183.0,,,174.0,,,317.0,,,171.0,,,151.0,,1985-05-31,1985,5
,2002.0,,,,1.0,,,177.0,,,147.0,,,112.0,,,180.0,,,134.0,,,107.0,,,244.0,,,166.0,,,136.0,,,274.0,,,188.0,,,178.0,,,324.0,,,157.0,,,173.0,,1985-06-30,1985,6
,,,,,2.0,,,176.0,,,135.0,,,106.0,,,177.0,,,136.0,,,99.0,,,236.0,,,193.0,,,139.0,,,253.0,,,190.0,,,167.0,,,301.0,,,275.0,,,187.0,,1985-07-31,1985,7
,,,,,3.0,,,173.0,,,137.0,,,106.0,,,170.0,,,135.0,,,104.0,,,251.0,,,172.0,,,123.0,,,260.0,,,211.0,,,164.0,,,306.0,,,184.0,,,168.0,,1985-08-31,1985,8
,,,,,4.0,,,167.0,,,135.0,,,106.0,,,175.0,,,135.0,,,102.0,,,242.0,,,162.0,,,119.0,,,253.0,,,195.0,,,168.0,,,322.0,,,117.0,,,175.0,,1985-09-30,1985,9
,,,,,5.0,,,166.0,,,134.0,,,105.0,,,169.0,,,132.0,,,101.0,,,228.0,,,182.0,,,124.0,,,248.0,,,209.0,,,157.0,,,292.0,,,154.0,,,158.0,,1985-10-31,1985,10
,,,,,6.0,,,169.0,,,131.0,,,107.0,,,169.0,,,135.0,,,99.0,,,230.0,,,171.0,,,116.0,,,235.0,,,222.0,,,145.0,,,307.0,,,159.0,,,140.0,,1985-11-30,1985,11
,,,,,7.0,,,168.0,,,138.0,,,104.0,,,166.0,,,132.0,,,97.0,,,209.0,,,172.0,,,122.0,,,240.0,,,182.0,,,147.0,,,298.0,,,180.0,,,188.0,,1985-12-31,1985,12
,,,,,8.0,,,162.0,,,132.0,,,105.0,,,171.0,,,131.0,,,102.0,,,220.0,,,162.0,,,123.0,,,247.0,,,203.0,,,150.0,,,323.0,,,181.0,,,174.0,,1986-01-31,1986,1
,,,,,9.0,,,161.0,,,135.0,,,103.0,,,164.0,,,130.0,,,99.0,,,212.0,,,153.0,,,119.0,,,235.0,,,188.0,,,149.0,,,314.0,,,175.0,,,158.0,,1986-02-28,1986,2
,,,,,10.0,,,154.0,,,128.0,,,104.0,,,162.0,,,127.0,,,103.0,,,213.0,,,139.0,,,119.0,,,250.0,,,196.0,,,164.0,,,296.0,,,293.0,,,167.0,,1986-03-31,1986,3
,,,,,11.0,,,153.0,,,129.0,,,101.0,,,160.0,,,124.0,,,102.0,,,218.0,,,151.0,,,127.0,,,246.0,,,175.0,,,132.0,,,304.0,,,165.0,,,164.0,,1986-04-30,1986,4
,,,,,12.0,,,152.0,,,129.0,,,104.0,,,154.0,,,124.0,,,102.0,,,194.0,,,147.0,,,110.0,,,237.0,,,161.0,,,154.0,,,270.0,,,209.0,,,164.0,,1986-05-31,1986,5
,2003.0,,,,1.0,,,154.0,,,122.0,,,103.0,,,156.0,,,120.0,,,98.0,,,197.0,,,165.0,,,111.0,,,233.0,,,159.0,,,146.0,,,273.0,,,197.0,,,164.0,,1986-06-30,1986,6
,,,,,2.0,,,153.0,,,119.0,,,100.0,,,154.0,,,123.0,,,93.0,,,194.0,,,146.0,,,115.0,,,227.0,,,161.0,,,143.0,,,274.0,,,129.0,,,159.0,,1986-07-31,1986,7
,,,,,3.0,,,152.0,,,121.0,,,95.0,,,152.0,,,120.0,,,90.0,,,199.0,,,170.0,,,108.0,,,222.0,,,208.0,,,144.0,,,270.0,,,199.0,,,168.0,,1986-08-31,1986,8
,,,,,4.0,,,146.0,,,120.0,,,95.0,,,144.0,,,117.0,,,88.0,,,185.0,,,157.0,,,110.0,,,228.0,,,184.0,,,144.0,,,254.0,,,197.0,,,137.0,,1986-09-30,1986,9
,,,,,5.0,,,146.0,,,125.0,,,90.0,,,146.0,,,119.0,,,85.0,,,181.0,,,167.0,,,98.0,,,222.0,,,186.0,,,128.0,,,266.0,,,188.0,,,141.0,,1986-10-31,1986,10
,,,,,6.0,,,150.0,,,120.0,,,92.0,,,139.0,,,112.0,,,83.0,,,189.0,,,159.0,,,97.0,,,200.0,,,193.0,,,114.0,,,272.0,,,215.0,,,114.0,,1986-11-30,1986,11
,,,,,7.0,,,159.0,,,120.0,,,90.0,,,144.0,,,119.0,,,84.0,,,186.0,,,159.0,,,91.0,,,209.0,,,183.0,,,132.0,,,257.0,,,171.0,,,139.0,,1986-12-31,1986,12
,,,,,8.0,,,159.0,,,118.0,,,87.0,,,152.0,,,123.0,,,86.0,,,199.0,,,154.0,,,103.0,,,218.0,,,159.0,,,120.0,,,253.0,,,187.0,,,155.0,,1987-01-31,1987,1
,,,,,9.0,,,147.0,,,125.0,,,90.0,,,143.0,,,129.0,,,87.0,,,189.0,,,149.0,,,104.0,,,206.0,,,146.0,,,125.0,,,261.0,,,208.0,,,153.0,,1987-02-28,1987,2
,,,,,10.0,,,147.0,,,123.0,,,95.0,,,142.0,,,125.0,,,90.0,,,192.0,,,152.0,,,95.0,,,205.0,,,152.0,,,129.0,,,247.0,,,159.0,,,148.0,,1987-03-31,1987,3
,,,,,11.0,,,153.0,,,133.0,,,93.0,,,142.0,,,122.0,,,92.0,,,185.0,,,153.0,,,102.0,,,211.0,,,166.0,,,123.0,,,259.0,,,120.0,,,115.0,,1987-04-30,1987,4
,,,,,12.0,,,164.0,,,125.0,,,97.0,,,151.0,,,121.0,,,91.0,,,197.0,,,147.0,,,107.0,,,213.0,,,163.0,,,154.0,,,254.0,,,148.0,,,156.0,,1987-05-31,1987,5
,2004.0,,,,1.0,,,169.0,,,123.0,,,98.0,,,166.0,,,127.0,,,97.0,,,203.0,,,151.0,,,114.0,,,223.0,,,150.0,,,128.0,,,268.0,,,191.0,,,160.0,,1987-06-30,1987,6
,,,,,2.0,,,167.0,,,125.0,,,103.0,,,166.0,,,123.0,,,95.0,,,200.0,,,155.0,,,117.0,,,215.0,,,151.0,,,172.0,,,244.0,,,208.0,,,140.0,,1987-07-31,1987,7
,,,,,3.0,,,163.0,,,125.0,,,98.0,,,160.0,,,133.0,,,91.0,,,211.0,,,147.0,,,114.0,,,220.0,,,152.0,,,140.0,,,265.0,,,121.0,,,179.0,,1987-08-31,1987,8
,,,,,4.0,,,168.0,,,124.0,,,99.0,,,162.0,,,136.0,,,96.0,,,225.0,,,173.0,,,113.0,,,220.0,,,162.0,,,154.0,,,274.0,,,125.0,,,182.0,,1987-09-30,1987,9
,,,,,5.0,,,165.0,,,127.0,,,99.0,,,167.0,,,130.0,,,93.0,,,204.0,,,155.0,,,124.0,,,244.0,,,163.0,,,170.0,,,263.0,,,145.0,,,132.0,,1987-10-31,1987,10
,,,,,6.0,,,166.0,,,123.0,,,98.0,,,161.0,,,131.0,,,90.0,,,207.0,,,171.0,,,107.0,,,241.0,,,165.0,,,140.0,,,267.0,,,162.0,,,144.0,,1987-11-30,1987,11
,,,,,7.0,,,160.0,,,126.0,,,98.0,,,162.0,,,130.0,,,93.0,,,215.0,,,165.0,,,114.0,,,236.0,,,182.0,,,143.0,,,284.0,,,174.0,,,157.0,,1987-12-31,1987,12
,,,,,8.0,,,181.0,,,124.0,,,99.0,,,183.0,,,137.0,,,91.0,,,216.0,,,181.0,,,113.0,,,238.0,,,225.0,,,161.0,,,287.0,,,171.0,,,161.0,,1988-01-31,1988,1
,,,,,9.0,,,169.0,,,124.0,,,99.0,,,176.0,,,142.0,,,97.0,,,209.0,,,188.0,,,115.0,,,240.0,,,190.0,,,147.0,,,291.0,,,121.0,,,213.0,,1988-02-29,1988,2
,,,,,10.0,,,164.0,,,130.0,,,102.0,,,177.0,,,134.0,,,102.0,,,218.0,,,185.0,,,118.0,,,255.0,,,206.0,,,144.0,,,292.0,,,146.0,,,154.0,,1988-03-31,1988,3
,,,,,11.0,,,166.0,,,128.0,,,101.0,,,167.0,,,136.0,,,97.0,,,228.0,,,180.0,,,114.0,,,232.0,,,228.0,,,148.0,,,275.0,,,184.0,,,168.0,,1988-04-30,1988,4
,,,,,12.0,,,167.0,,,127.0,,,101.0,,,160.0,,,139.0,,,96.0,,,226.0,,,183.0,,,105.0,,,238.0,,,212.0,,,175.0,,,285.0,,,140.0,,,151.0,,1988-05-31,1988,5
,2005.0,,,,1.0,,,170.0,,,125.0,,,105.0,,,167.0,,,141.0,,,99.0,,,231.0,,,186.0,,,124.0,,,250.0,,,181.0,,,213.0,,,274.0,,,219.0,,,175.0,,1988-06-30,1988,6
,,,,,2.0,,,170.0,,,128.0,,,102.0,,,176.0,,,144.0,,,104.0,,,230.0,,,189.0,,,136.0,,,264.0,,,204.0,,,154.0,,,296.0,,,230.0,,,153.0,,1988-07-31,1988,7
,,,,,3.0,,,177.0,,,139.0,,,103.0,,,176.0,,,143.0,,,101.0,,,246.0,,,183.0,,,109.0,,,254.0,,,213.0,,,150.0,,,284.0,,,205.0,,,175.0,,1988-08-31,1988,8
,,,,,4.0,,,171.0,,,134.0,,,102.0,,,171.0,,,140.0,,,95.0,,,233.0,,,205.0,,,131.0,,,244.0,,,168.0,,,181.0,,,293.0,,,123.0,,,121.0,,1988-09-30,1988,9
,,,,,5.0,,,170.0,,,136.0,,,103.0,,,168.0,,,144.0,,,94.0,,,240.0,,,177.0,,,114.0,,,253.0,,,203.0,,,154.0,,,302.0,,,235.0,,,110.0,,1988-10-31,1988,10
,,,,,6.0,,,176.0,,,131.0,,,106.0,,,177.0,,,137.0,,,99.0,,,239.0,,,181.0,,,117.0,,,259.0,,,179.0,,,124.0,,,322.0,,,184.0,,,181.0,,1988-11-30,1988,11
,,,,,7.0,,,173.0,,,132.0,,,107.0,,,182.0,,,140.0,,,99.0,,,244.0,,,185.0,,,120.0,,,272.0,,,210.0,,,157.0,,,329.0,,,198.0,,,161.0,,1988-12-31,1988,12
,,,,,8.0,,,200.0,,,137.0,,,104.0,,,192.0,,,139.0,,,102.0,,,242.0,,,205.0,,,116.0,,,272.0,,,205.0,,,174.0,,,336.0,,,177.0,,,214.0,,1989-01-31,1989,1
,,,,,9.0,,,221.0,,,142.0,,,109.0,,,212.0,,,149.0,,,107.0,,,250.0,,,195.0,,,127.0,,,271.0,,,252.0,,,150.0,,,348.0,,,177.0,,,211.0,,1989-02-28,1989,2
,,,,,10.0,,,197.0,,,161.0,,,111.0,,,192.0,,,156.0,,,106.0,,,267.0,,,188.0,,,120.0,,,260.0,,,203.0,,,180.0,,,329.0,,,217.0,,,198.0,,1989-03-31,1989,3
,,,,,11.0,,,200.0,,,172.0,,,112.0,,,188.0,,,162.0,,,105.0,,,245.0,,,221.0,,,126.0,,,271.0,,,221.0,,,150.0,,,318.0,,,192.0,,,174.0,,1989-04-30,1989,4
,,,,,12.0,,,199.0,,,148.0,,,112.0,,,192.0,,,155.0,,,103.0,,,236.0,,,199.0,,,130.0,,,274.0,,,213.0,,,164.0,,,367.0,,,216.0,,,216.0,,1989-05-31,1989,5
,2006.0,,,,1.0,,,196.0,,,139.0,,,113.0,,,189.0,,,150.0,,,106.0,,,259.0,,,184.0,,,125.0,,,285.0,,,171.0,,,186.0,,,337.0,,,204.0,,,194.0,,1989-06-30,1989,6
,,,,,2.0,,,193.0,,,141.0,,,111.0,,,189.0,,,152.0,,,107.0,,,245.0,,,172.0,,,112.0,,,292.0,,,168.0,,,190.0,,,334.0,,,231.0,,,217.0,,1989-07-31,1989,7
,,,,,3.0,,,198.0,,,145.0,,,112.0,,,185.0,,,154.0,,,106.0,,,237.0,,,204.0,,,137.0,,,289.0,,,197.0,,,172.0,,,308.0,,,177.0,,,188.0,,1989-08-31,1989,8
,,,,,4.0,,,206.0,,,142.0,,,113.0,,,187.0,,,146.0,,,103.0,,,248.0,,,186.0,,,131.0,,,280.0,,,183.0,,,179.0,,,355.0,,,189.0,,,210.0,,1989-09-30,1989,9
,,,,,5.0,,,197.0,,,141.0,,,110.0,,,184.0,,,154.0,,,104.0,,,255.0,,,194.0,,,113.0,,,294.0,,,213.0,,,157.0,,,363.0,,,249.0,,,185.0,,1989-10-31,1989,10
,,,,,6.0,,,195.0,,,146.0,,,110.0,,,198.0,,,158.0,,,105.0,,,243.0,,,195.0,,,111.0,,,301.0,,,234.0,,,179.0,,,353.0,,,185.0,,,162.0,,1989-11-30,1989,11
,,,,,7.0,,,214.0,,,149.0,,,114.0,,,205.0,,,151.0,,,107.0,,,263.0,,,203.0,,,130.0,,,300.0,,,241.0,,,173.0,,,358.0,,,155.0,,,229.0,,1989-12-31,1989,12
,,,,,8.0,,,238.0,,,160.0,,,112.0,,,230.0,,,153.0,,,106.0,,,274.0,,,209.0,,,132.0,,,312.0,,,229.0,,,162.0,,,366.0,,,177.0,,,158.0,,1990-01-31,1990,1
,,,,,9.0,,,255.0,,,164.0,,,114.0,,,238.0,,,161.0,,,107.0,,,280.0,,,202.0,,,124.0,,,318.0,,,231.0,,,170.0,,,359.0,,,217.0,,,186.0,,1990-02-28,1990,2
,,,,,10.0,,,211.0,,,163.0,,,116.0,,,213.0,,,152.0,,,110.0,,,243.0,,,197.0,,,126.0,,,300.0,,,238.0,,,163.0,,,381.0,,,214.0,,,190.0,,1990-03-31,1990,3
,,,,,11.0,,,221.0,,,193.0,,,116.0,,,211.0,,,167.0,,,110.0,,,261.0,,,194.0,,,122.0,,,291.0,,,231.0,,,158.0,,,372.0,,,160.0,,,117.0,,1990-04-30,1990,4
,,,,,12.0,,,210.0,,,158.0,,,117.0,,,199.0,,,162.0,,,109.0,,,260.0,,,216.0,,,120.0,,,299.0,,,234.0,,,177.0,,,347.0,,,188.0,,,183.0,,1990-05-31,1990,5
,2007.0,,,,1.0,,,210.0,,,155.0,,,120.0,,,213.0,,,160.0,,,106.0,,,257.0,,,208.0,,,133.0,,,329.0,,,217.0,,,176.0,,,368.0,,,185.0,,,188.0,,1990-06-30,1990,6
,,,,,2.0,,,220.0,,,164.0,,,118.0,,,219.0,,,161.0,,,110.0,,,282.0,,,226.0,,,130.0,,,323.0,,,256.0,,,186.0,,,360.0,,,205.0,,,216.0,,1990-07-31,1990,7
,,,,,3.0,,,218.0,,,156.0,,,121.0,,,219.0,,,163.0,,,112.0,,,269.0,,,211.0,,,137.0,,,316.0,,,240.0,,,187.0,,,365.0,,,138.0,,,258.0,,1990-08-31,1990,8
,,,,,4.0,,,218.0,,,160.0,,,123.0,,,212.0,,,156.0,,,110.0,,,270.0,,,210.0,,,132.0,,,316.0,,,248.0,,,190.0,,,376.0,,,231.0,,,279.0,,1990-09-30,1990,9
,,,,,5.0,,,220.0,,,164.0,,,123.0,,,213.0,,,163.0,,,109.0,,,302.0,,,192.0,,,144.0,,,321.0,,,212.0,,,183.0,,,376.0,,,207.0,,,229.0,,1990-10-31,1990,10
,,,,,6.0,,,235.0,,,155.0,,,120.0,,,224.0,,,161.0,,,117.0,,,277.0,,,209.0,,,141.0,,,340.0,,,189.0,,,206.0,,,386.0,,,206.0,,,199.0,,1990-11-30,1990,11
,,,,,7.0,,,259.0,,,158.0,,,124.0,,,244.0,,,161.0,,,119.0,,,290.0,,,209.0,,,146.0,,,334.0,,,238.0,,,216.0,,,410.0,,,199.0,,,234.0,,1990-12-31,1990,12
,,,,,8.0,,,294.0,,,169.0,,,127.0,,,269.0,,,165.0,,,119.0,,,299.0,,,219.0,,,152.0,,,340.0,,,251.0,,,177.0,,,416.0,,,258.0,,,224.0,,1991-01-31,1991,1
,,,,,9.0,,,264.0,,,188.0,,,127.0,,,248.0,,,177.0,,,120.0,,,295.0,,,220.0,,,146.0,,,329.0,,,241.0,,,182.0,,,412.0,,,301.0,,,209.0,,1991-02-28,1991,2
,,,,,10.0,,,244.0,,,201.0,,,131.0,,,243.0,,,195.0,,,123.0,,,300.0,,,256.0,,,158.0,,,376.0,,,269.0,,,217.0,,,438.0,,,217.0,,,234.0,,1991-03-31,1991,3
,,,,,11.0,,,236.0,,,182.0,,,141.0,,,252.0,,,186.0,,,132.0,,,316.0,,,246.0,,,144.0,,,346.0,,,261.0,,,189.0,,,438.0,,,280.0,,,203.0,,1991-04-30,1991,4
,,,,,12.0,,,248.0,,,176.0,,,144.0,,,250.0,,,185.0,,,133.0,,,304.0,,,227.0,,,151.0,,,357.0,,,238.0,,,217.0,,,416.0,,,200.0,,,267.0,,1991-05-31,1991,5
,2008.0,,,,1.0,,,254.0,,,176.0,,,140.0,,,275.0,,,187.0,,,133.0,,,326.0,,,243.0,,,155.0,,,384.0,,,245.0,,,229.0,,,441.0,,,225.0,,,181.0,,1991-06-30,1991,6
,,,,,2.0,,,241.0,,,186.0,,,143.0,,,275.0,,,203.0,,,143.0,,,332.0,,,241.0,,,177.0,,,390.0,,,276.0,,,234.0,,,467.0,,,305.0,,,261.0,,1991-07-31,1991,7
,,,,,3.0,,,258.0,,,196.0,,,152.0,,,278.0,,,200.0,,,143.0,,,350.0,,,277.0,,,167.0,,,396.0,,,313.0,,,240.0,,,472.0,,,255.0,,,251.0,,1991-08-31,1991,8
,,,,,4.0,,,261.0,,,198.0,,,146.0,,,275.0,,,193.0,,,141.0,,,341.0,,,266.0,,,182.0,,,397.0,,,249.0,,,244.0,,,438.0,,,247.0,,,256.0,,1991-09-30,1991,9
,,,,,5.0,,,274.0,,,193.0,,,157.0,,,280.0,,,202.0,,,153.0,,,345.0,,,292.0,,,176.0,,,388.0,,,270.0,,,242.0,,,456.0,,,204.0,,,257.0,,1991-10-31,1991,10
,,,,,6.0,,,266.0,,,190.0,,,152.0,,,277.0,,,200.0,,,143.0,,,353.0,,,238.0,,,176.0,,,406.0,,,300.0,,,252.0,,,482.0,,,376.0,,,284.0,,1991-11-30,1991,11
,,,,,7.0,,,299.0,,,208.0,,,152.0,,,292.0,,,225.0,,,144.0,,,346.0,,,291.0,,,181.0,,,427.0,,,282.0,,,277.0,,,494.0,,,412.0,,,274.0,,1991-12-31,1991,12
,,,,,8.0,,,340.0,,,224.0,,,147.0,,,315.0,,,234.0,,,142.0,,,361.0,,,304.0,,,193.0,,,432.0,,,338.0,,,217.0,,,514.0,,,359.0,,,343.0,,1992-01-31,1992,1
,,,,,9.0,,,312.0,,,235.0,,,150.0,,,283.0,,,221.0,,,142.0,,,358.0,,,295.0,,,163.0,,,403.0,,,341.0,,,259.0,,,507.0,,,244.0,,,288.0,,1992-02-29,1992,2
,,,,,10.0,,,278.0,,,199.0,,,146.0,,,252.0,,,204.0,,,142.0,,,324.0,,,263.0,,,175.0,,,411.0,,,310.0,,,246.0,,,500.0,,,235.0,,,229.0,,1992-03-31,1992,3
,,,,,11.0,,,250.0,,,179.0,,,135.0,,,228.0,,,184.0,,,132.0,,,300.0,,,217.0,,,153.0,,,374.0,,,278.0,,,195.0,,,463.0,,,265.0,,,228.0,,1992-04-30,1992,4
,,,,,12.0,,,235.0,,,171.0,,,130.0,,,206.0,,,173.0,,,121.0,,,266.0,,,223.0,,,137.0,,,320.0,,,244.0,,,210.0,,,395.0,,,188.0,,,195.0,,1992-05-31,1992,5
,2009.0,,,,1.0,,,233.0,,,169.0,,,128.0,,,206.0,,,163.0,,,120.0,,,256.0,,,217.0,,,141.0,,,323.0,,,243.0,,,158.0,,,370.0,,,302.0,,,250.0,,1992-06-30,1992,6
,,,,,2.0,,,231.0,,,165.0,,,129.0,,,206.0,,,164.0,,,121.0,,,261.0,,,224.0,,,136.0,,,298.0,,,222.0,,,208.0,,,373.0,,,392.0,,,227.0,,1992-07-31,1992,7
,,,,,3.0,,,220.0,,,173.0,,,129.0,,,198.0,,,166.0,,,117.0,,,246.0,,,217.0,,,131.0,,,294.0,,,224.0,,,158.0,,,355.0,,,200.0,,,211.0,,1992-08-31,1992,8
,,,,,4.0,,,218.0,,,174.0,,,128.0,,,205.0,,,163.0,,,117.0,,,243.0,,,214.0,,,129.0,,,283.0,,,218.0,,,175.0,,,356.0,,,223.0,,,159.0,,1992-09-30,1992,9
,,,,,5.0,,,223.0,,,170.0,,,128.0,,,211.0,,,165.0,,,120.0,,,258.0,,,214.0,,,133.0,,,290.0,,,225.0,,,176.0,,,337.0,,,223.0,,,164.0,,1992-10-31,1992,10
,,,,,6.0,,,211.0,,,171.0,,,132.0,,,218.0,,,161.0,,,123.0,,,257.0,,,233.0,,,133.0,,,286.0,,,224.0,,,152.0,,,349.0,,,189.0,,,218.0,,1992-11-30,1992,11
,,,,,7.0,,,229.0,,,189.0,,,134.0,,,235.0,,,177.0,,,123.0,,,269.0,,,214.0,,,137.0,,,309.0,,,273.0,,,186.0,,,344.0,,,190.0,,,209.0,,1992-12-31,1992,12
,,,,,8.0,,,246.0,,,188.0,,,137.0,,,254.0,,,179.0,,,126.0,,,291.0,,,239.0,,,148.0,,,306.0,,,285.0,,,188.0,,,381.0,,,322.0,,,245.0,,1993-01-31,1993,1
,,,,,9.0,,,248.0,,,200.0,,,144.0,,,246.0,,,183.0,,,134.0,,,300.0,,,258.0,,,146.0,,,309.0,,,223.0,,,189.0,,,372.0,,,204.0,,,194.0,,1993-02-28,1993,2
,,,,,10.0,,,269.0,,,191.0,,,144.0,,,250.0,,,189.0,,,140.0,,,292.0,,,240.0,,,162.0,,,314.0,,,247.0,,,208.0,,,368.0,,,237.0,,,205.0,,1993-03-31,1993,3
,,,,,11.0,,,253.0,,,184.0,,,148.0,,,250.0,,,194.0,,,138.0,,,296.0,,,257.0,,,161.0,,,333.0,,,229.0,,,202.0,,,388.0,,,268.0,,,218.0,,1993-04-30,1993,4
,,,,,12.0,,,246.0,,,183.0,,,151.0,,,248.0,,,194.0,,,135.0,,,299.0,,,248.0,,,153.0,,,330.0,,,232.0,,,194.0,,,367.0,,,243.0,,,213.0,,1993-05-31,1993,5
,2010.0,,,,1.0,,,240.0,,,185.0,,,151.0,,,245.0,,,190.0,,,134.0,,,309.0,,,221.0,,,150.0,,,326.0,,,269.0,,,199.0,,,354.0,,,233.0,,,228.0,,1993-06-30,1993,6
,,,,,2.0,,,243.0,,,187.0,,,151.0,,,246.0,,,205.0,,,140.0,,,310.0,,,254.0,,,169.0,,,336.0,,,249.0,,,205.0,,,382.0,,,417.0,,,316.0,,1993-07-31,1993,7
,,,,,3.0,,,247.0,,,195.0,,,157.0,,,252.0,,,207.0,,,144.0,,,296.0,,,262.0,,,163.0,,,322.0,,,261.0,,,205.0,,,405.0,,,273.0,,,241.0,,1993-08-31,1993,8
,,,,,4.0,,,254.0,,,199.0,,,159.0,,,256.0,,,207.0,,,145.0,,,322.0,,,288.0,,,169.0,,,341.0,,,262.0,,,219.0,,,405.0,,,421.0,,,226.0,,1993-09-30,1993,9
,,,,,5.0,,,254.0,,,207.0,,,162.0,,,268.0,,,219.0,,,150.0,,,312.0,,,298.0,,,171.0,,,354.0,,,317.0,,,236.0,,,403.0,,,234.0,,,241.0,,1993-10-31,1993,10
,,,,,6.0,,,277.0,,,193.0,,,162.0,,,271.0,,,219.0,,,153.0,,,317.0,,,280.0,,,178.0,,,359.0,,,323.0,,,218.0,,,421.0,,,288.0,,,207.0,,1993-11-30,1993,11
,,,,,7.0,,,313.0,,,214.0,,,161.0,,,290.0,,,212.0,,,155.0,,,332.0,,,293.0,,,174.0,,,388.0,,,290.0,,,224.0,,,406.0,,,201.0,,,253.0,,1993-12-31,1993,12
,,,,,8.0,,,319.0,,,208.0,,,173.0,,,301.0,,,222.0,,,156.0,,,341.0,,,287.0,,,187.0,,,384.0,,,304.0,,,233.0,,,418.0,,,252.0,,,225.0,,1994-01-31,1994,1
,,,,,9.0,,,301.0,,,210.0,,,168.0,,,286.0,,,220.0,,,160.0,,,329.0,,,291.0,,,179.0,,,371.0,,,301.0,,,246.0,,,424.0,,,251.0,,,191.0,,1994-02-28,1994,2
,,,,,10.0,,,306.0,,,210.0,,,178.0,,,289.0,,,229.0,,,159.0,,,341.0,,,264.0,,,181.0,,,371.0,,,265.0,,,237.0,,,415.0,,,248.0,,,219.0,,1994-03-31,1994,3
,,,,,11.0,,,307.0,,,216.0,,,176.0,,,284.0,,,231.0,,,159.0,,,350.0,,,292.0,,,184.0,,,374.0,,,294.0,,,208.0,,,433.0,,,314.0,,,210.0,,1994-04-30,1994,4
,,,,,12.0,,,288.0,,,211.0,,,177.0,,,281.0,,,235.0,,,164.0,,,347.0,,,277.0,,,178.0,,,355.0,,,276.0,,,241.0,,,439.0,,,342.0,,,293.0,,1994-05-31,1994,5
,2011.0,,,,1.0,,,283.0,,,211.0,,,175.0,,,279.0,,,224.0,,,156.0,,,334.0,,,280.0,,,177.0,,,376.0,,,289.0,,,241.0,,,431.0,,,277.0,,,279.0,,1994-06-30,1994,6
,,,,,2.0,,,291.0,,,216.0,,,175.0,,,298.0,,,242.0,,,161.0,,,345.0,,,297.0,,,176.0,,,375.0,,,296.0,,,228.0,,,435.0,,,231.0,,,314.0,,1994-07-31,1994,7
,,,,,3.0,,,286.0,,,228.0,,,179.0,,,282.0,,,240.0,,,166.0,,,347.0,,,286.0,,,183.0,,,402.0,,,290.0,,,223.0,,,459.0,,,306.0,,,235.0,,1994-08-31,1994,8
,,,,,4.0,,,301.0,,,224.0,,,175.0,,,302.0,,,242.0,,,167.0,,,348.0,,,303.0,,,177.0,,,385.0,,,286.0,,,233.0,,,451.0,,,267.0,,,185.0,,1994-09-30,1994,9
,,,,,5.0,,,302.0,,,228.0,,,180.0,,,297.0,,,238.0,,,161.0,,,353.0,,,287.0,,,191.0,,,415.0,,,315.0,,,238.0,,,472.0,,,272.0,,,259.0,,1994-10-31,1994,10
,,,,,6.0,,,336.0,,,236.0,,,186.0,,,326.0,,,235.0,,,167.0,,,353.0,,,293.0,,,201.0,,,407.0,,,323.0,,,237.0,,,487.0,,,239.0,,,241.0,,1994-11-30,1994,11
,,,,,7.0,,,391.0,,,262.0,,,185.0,,,349.0,,,242.0,,,169.0,,,383.0,,,308.0,,,198.0,,,404.0,,,342.0,,,257.0,,,510.0,,,342.0,,,279.0,,1994-12-31,1994,12
,,,,,8.0,,,382.0,,,262.0,,,192.0,,,342.0,,,246.0,,,172.0,,,384.0,,,285.0,,,198.0,,,424.0,,,267.0,,,250.0,,,483.0,,,273.0,,,277.0,,1995-01-31,1995,1
,,,,,9.0,,,326.0,,,252.0,,,188.0,,,321.0,,,248.0,,,174.0,,,358.0,,,285.0,,,192.0,,,411.0,,,301.0,,,267.0,,,473.0,,,339.0,,,249.0,,1995-02-28,1995,2
,,,,,10.0,,,328.0,,,278.0,,,187.0,,,312.0,,,247.0,,,175.0,,,356.0,,,274.0,,,193.0,,,401.0,,,297.0,,,244.0,,,494.0,,,328.0,,,248.0,,1995-03-31,1995,3
,,,,,11.0,,,313.0,,,238.0,,,190.0,,,308.0,,,243.0,,,173.0,,,363.0,,,273.0,,,196.0,,,384.0,,,279.0,,,231.0,,,429.0,,,323.0,,,247.0,,1995-04-30,1995,4
,,,,,12.0,,,304.0,,,233.0,,,188.0,,,301.0,,,232.0,,,168.0,,,349.0,,,262.0,,,195.0,,,381.0,,,292.0,,,247.0,,,445.0,,,300.0,,,245.0,,1995-05-31,1995,5
,2012.0,,,,1.0,,,309.0,,,225.0,,,186.0,,,298.0,,,234.0,,,175.0,,,338.0,,,257.0,,,187.0,,,396.0,,,259.0,,,254.0,,,477.0,,,278.0,,,270.0,,1995-06-30,1995,6
,,,,,2.0,,,327.0,,,229.0,,,189.0,,,304.0,,,223.0,,,169.0,,,346.0,,,294.0,,,193.0,,,392.0,,,261.0,,,259.0,,,446.0,,,327.0,,,270.0,,1995-07-31,1995,7
,,,,,3.0,,,326.0,,,232.0,,,189.0,,,296.0,,,239.0,,,170.0,,,327.0,,,275.0,,,188.0,,,380.0,,,297.0,,,257.0,,,438.0,,,277.0,,,290.0,,1995-08-31,1995,8
,,,,,4.0,,,321.0,,,240.0,,,192.0,,,301.0,,,231.0,,,174.0,,,350.0,,,291.0,,,185.0,,,382.0,,,307.0,,,232.0,,,459.0,,,340.0,,,316.0,,1995-09-30,1995,9
,,,,,5.0,,,328.0,,,242.0,,,193.0,,,300.0,,,243.0,,,175.0,,,354.0,,,287.0,,,182.0,,,399.0,,,267.0,,,254.0,,,460.0,,,293.0,,,283.0,,1995-10-31,1995,10
,,,,,6.0,,,343.0,,,261.0,,,188.0,,,329.0,,,235.0,,,177.0,,,367.0,,,285.0,,,185.0,,,429.0,,,231.0,,,222.0,,,494.0,,,337.0,,,251.0,,1995-11-30,1995,11
,,,,,7.0,,,329.0,,,236.0,,,193.0,,,298.0,,,212.0,,,184.0,,,350.0,,,245.0,,,193.0,,,381.0,,,224.0,,,252.0,,,436.0,,,241.0,,,294.0,,1995-12-31,1995,12
,,,,,8.0,,,326.0,,,227.0,,,198.0,,,299.0,,,224.0,,,173.0,,,372.0,,,275.0,,,202.0,,,395.0,,,338.0,,,212.0,,,459.0,,,292.0,,,339.0,,1996-01-31,1996,1
,,,,,9.0,,,328.0,,,242.0,,,191.0,,,315.0,,,228.0,,,174.0,,,353.0,,,280.0,,,208.0,,,363.0,,,239.0,,,293.0,,,565.0,,,246.0,,,170.0,,1996-02-29,1996,2
,,,,,10.0,,,343.0,,,239.0,,,217.0,,,323.0,,,233.0,,,179.0,,,342.0,,,273.0,,,212.0,,,393.0,,,263.0,,,272.0,,,467.0,,,314.0,,,256.0,,1996-03-31,1996,3
,,,,,11.0,,,322.0,,,241.0,,,205.0,,,325.0,,,223.0,,,194.0,,,310.0,,,315.0,,,202.0,,,391.0,,,295.0,,,256.0,,,485.0,,,293.0,,,283.0,,1996-04-30,1996,4
,,,,,12.0,,,333.0,,,249.0,,,223.0,,,329.0,,,239.0,,,192.0,,,363.0,,,400.0,,,223.0,,,424.0,,,229.0,,,278.0,,,543.0,,,276.0,,,311.0,,1996-05-31,1996,5
,2013.0,,,,1.0,,,330.0,,,255.0,,,209.0,,,315.0,,,227.0,,,187.0,,,367.0,,,216.0,,,199.0,,,440.0,,,280.0,,,247.0,,,449.0,,,260.0,,,339.0,,1996-06-30,1996,6
,,,,,2.0,,,345.0,,,259.0,,,204.0,,,299.0,,,283.0,,,177.0,,,334.0,,,263.0,,,233.0,,,391.0,,,338.0,,,321.0,,,521.0,,,184.0,,,339.0,,1996-07-31,1996,7
,,,,,3.0,,,337.0,,,255.0,,,226.0,,,325.0,,,261.0,,,186.0,,,359.0,,,295.0,,,232.0,,,376.0,,,245.0,,,201.0,,,431.0,,,184.0,,,266.0,,1996-08-31,1996,8
,,,,,4.0,,,334.0,,,252.0,,,209.0,,,330.0,,,221.0,,,191.0,,,358.0,,,262.0,,,232.0,,,413.0,,,319.0,,,264.0,,,422.0,,,184.0,,,268.0,,1996-09-30,1996,9
,,,,,5.0,,,345.0,,,237.0,,,209.0,,,326.0,,,232.0,,,165.0,,,361.0,,,228.0,,,212.0,,,397.0,,,266.0,,,187.0,,,513.0,,,251.0,,,240.0,,1996-10-31,1996,10
,,,,,6.0,,,344.0,,,262.0,,,214.0,,,344.0,,,242.0,,,181.0,,,352.0,,,256.0,,,227.0,,,374.0,,,255.0,,,289.0,,,538.0,,,227.0,,,233.0,,1996-11-30,1996,11
,,,,,7.0,,,381.0,,,311.0,,,240.0,,,345.0,,,286.0,,,203.0,,,384.0,,,329.0,,,219.0,,,412.0,,,342.0,,,228.0,,,476.0,,,382.0,,,236.0,,1996-12-31,1996,12
,,,,,8.0,,,390.0,,,311.0,,,254.0,,,353.0,,,280.0,,,209.0,,,397.0,,,317.0,,,230.0,,,431.0,,,302.0,,,250.0,,,473.0,,,338.0,,,292.0,,1997-01-31,1997,1
,,,,,9.0,,,370.0,,,290.0,,,240.0,,,353.0,,,284.0,,,208.0,,,379.0,,,299.0,,,231.0,,,425.0,,,328.0,,,256.0,,,480.0,,,296.0,,,239.0,,1997-02-28,1997,2
,,,,,10.0,,,383.0,,,283.0,,,238.0,,,341.0,,,274.0,,,205.0,,,391.0,,,307.0,,,231.0,,,426.0,,,307.0,,,230.0,,,487.0,,,380.0,,,246.0,,1997-03-31,1997,3
,,,,,11.0,,,381.0,,,293.0,,,241.0,,,356.0,,,281.0,,,210.0,,,376.0,,,310.0,,,224.0,,,416.0,,,313.0,,,247.0,,,505.0,,,488.0,,,236.0,,1997-04-30,1997,4
,,,,,12.0,,,374.0,,,287.0,,,239.0,,,344.0,,,285.0,,,211.0,,,386.0,,,304.0,,,215.0,,,411.0,,,293.0,,,237.0,,,450.0,,,361.0,,,267.0,,1997-05-31,1997,5
,2014.0,,,,1.0,,,360.0,,,288.0,,,228.0,,,335.0,,,285.0,,,212.0,,,378.0,,,310.0,,,223.0,,,428.0,,,303.0,,,261.0,,,451.0,,,199.0,,,305.0,,1997-06-30,1997,6
,,,,,2.0,,,377.0,,,281.0,,,244.0,,,340.0,,,283.0,,,210.0,,,384.0,,,333.0,,,217.0,,,430.0,,,319.0,,,273.0,,,460.0,,,357.0,,,189.0,,1997-07-31,1997,7
,,,,,3.0,,,369.0,,,278.0,,,236.0,,,321.0,,,277.0,,,207.0,,,366.0,,,284.0,,,227.0,,,380.0,,,284.0,,,238.0,,,438.0,,,313.0,,,306.0,,1997-08-31,1997,8
,,,,,4.0,,,368.0,,,294.0,,,236.0,,,348.0,,,287.0,,,205.0,,,402.0,,,322.0,,,213.0,,,417.0,,,307.0,,,237.0,,,448.0,,,295.0,,,212.0,,1997-09-30,1997,9
,,,,,5.0,,,370.0,,,295.0,,,238.0,,,343.0,,,293.0,,,206.0,,,377.0,,,321.0,,,220.0,,,394.0,,,331.0,,,259.0,,,465.0,,,396.0,,,221.0,,1997-10-31,1997,10
,,,,,6.0,,,384.0,,,323.0,,,243.0,,,353.0,,,296.0,,,212.0,,,368.0,,,308.0,,,226.0,,,396.0,,,314.0,,,253.0,,,490.0,,,307.0,,,241.0,,1997-11-30,1997,11
,,,,,7.0,,,423.0,,,324.0,,,253.0,,,371.0,,,293.0,,,215.0,,,387.0,,,327.0,,,230.0,,,422.0,,,332.0,,,271.0,,,481.0,,,371.0,,,239.0,,1997-12-31,1997,12
,,,,,8.0,,,437.0,,,334.0,,,269.0,,,378.0,,,308.0,,,225.0,,,412.0,,,327.0,,,227.0,,,431.0,,,336.0,,,230.0,,,495.0,,,327.0,,,244.0,,1998-01-31,1998,1
,,,,,9.0,,,388.0,,,321.0,,,260.0,,,367.0,,,309.0,,,225.0,,,398.0,,,329.0,,,225.0,,,409.0,,,321.0,,,238.0,,,447.0,,,372.0,,,279.0,,1998-02-28,1998,2
,,,,,10.0,,,400.0,,,323.0,,,266.0,,,367.0,,,318.0,,,230.0,,,395.0,,,325.0,,,236.0,,,427.0,,,311.0,,,227.0,,,467.0,,,318.0,,,245.0,,1998-03-31,1998,3
,,,,,11.0,,,405.0,,,312.0,,,263.0,,,371.0,,,328.0,,,231.0,,,402.0,,,326.0,,,233.0,,,394.0,,,365.0,,,253.0,,,444.0,,,320.0,,,246.0,,1998-04-30,1998,4
,,,,,12.0,,,401.0,,,322.0,,,271.0,,,377.0,,,318.0,,,236.0,,,402.0,,,333.0,,,238.0,,,409.0,,,328.0,,,277.0,,,478.0,,,277.0,,,259.0,,1998-05-31,1998,5
,2015.0,,,,1.0,,,407.0,,,313.0,,,271.0,,,368.0,,,318.0,,,234.0,,,397.0,,,349.0,,,251.0,,,443.0,,,339.0,,,266.0,,,485.0,,,363.0,,,266.0,,1998-06-30,1998,6
,,,,,2.0,,,407.0,,,330.0,,,262.0,,,384.0,,,325.0,,,233.0,,,407.0,,,350.0,,,244.0,,,423.0,,,338.0,,,272.0,,,447.0,,,330.0,,,256.0,,1998-07-31,1998,7
,,,,,3.0,,,408.0,,,326.0,,,262.0,,,383.0,,,328.0,,,241.0,,,411.0,,,351.0,,,245.0,,,429.0,,,319.0,,,260.0,,,453.0,,,318.0,,,211.0,,1998-08-31,1998,8
,,,,,4.0,,,414.0,,,339.0,,,270.0,,,381.0,,,317.0,,,234.0,,,415.0,,,347.0,,,236.0,,,431.0,,,316.0,,,242.0,,,486.0,,,296.0,,,258.0,,1998-09-30,1998,9
,,,,,5.0,,,424.0,,,351.0,,,255.0,,,394.0,,,330.0,,,236.0,,,421.0,,,372.0,,,253.0,,,429.0,,,346.0,,,249.0,,,425.0,,,345.0,,,253.0,,1998-10-31,1998,10
,,,,,6.0,,,446.0,,,367.0,,,266.0,,,397.0,,,322.0,,,235.0,,,419.0,,,384.0,,,249.0,,,446.0,,,366.0,,,242.0,,,467.0,,,464.0,,,233.0,,1998-11-30,1998,11
,,,,,7.0,,,470.0,,,361.0,,,287.0,,,396.0,,,331.0,,,240.0,,,433.0,,,373.0,,,249.0,,,432.0,,,379.0,,,253.0,,,456.0,,,349.0,,,276.0,,1998-12-31,1998,12
,,,,,8.0,,,450.0,,,363.0,,,286.0,,,409.0,,,334.0,,,249.0,,,437.0,,,369.0,,,261.0,,,447.0,,,363.0,,,257.0,,,480.0,,,357.0,,,261.0,,1999-01-31,1999,1
,,,,,9.0,,,427.0,,,342.0,,,274.0,,,396.0,,,326.0,,,240.0,,,428.0,,,355.0,,,253.0,,,443.0,,,373.0,,,269.0,,,494.0,,,320.0,,,263.0,,1999-02-28,1999,2
,,,,,10.0,,,438.0,,,336.0,,,269.0,,,401.0,,,325.0,,,239.0,,,428.0,,,336.0,,,246.0,,,436.0,,,326.0,,,262.0,,,450.0,,,345.0,,,243.0,,1999-03-31,1999,3
,,,,,11.0,,,430.0,,,327.0,,,265.0,,,391.0,,,316.0,,,235.0,,,418.0,,,329.0,,,244.0,,,454.0,,,333.0,,,249.0,,,465.0,,,299.0,,,246.0,,1999-04-30,1999,4
,,,,,12.0,,,433.0,,,323.0,,,263.0,,,379.0,,,303.0,,,230.0,,,412.0,,,321.0,,,247.0,,,434.0,,,316.0,,,254.0,,,454.0,,,296.0,,,248.0,,1999-05-31,1999,5
,2016.0,,,,1.0,,,432.0,,,314.0,,,255.0,,,365.0,,,299.0,,,224.0,,,398.0,,,339.0,,,247.0,,,422.0,,,341.0,,,261.0,,,427.0,,,341.0,,,231.0,,1999-06-30,1999,6
,,,,,2.0,,,407.0,,,308.0,,,249.0,,,361.0,,,288.0,,,222.0,,,412.0,,,318.0,,,230.0,,,437.0,,,337.0,,,281.0,,,435.0,,,346.0,,,246.0,,1999-07-31,1999,7
,,,,,3.0,,,396.0,,,303.0,,,249.0,,,353.0,,,299.0,,,218.0,,,385.0,,,327.0,,,230.0,,,418.0,,,305.0,,,261.0,,,442.0,,,322.0,,,229.0,,1999-08-31,1999,8
,,,,,4.0,,,385.0,,,310.0,,,241.0,,,355.0,,,286.0,,,214.0,,,390.0,,,300.0,,,231.0,,,418.0,,,298.0,,,258.0,,,417.0,,,406.0,,,208.0,,1999-09-30,1999,9
,,,,,5.0,,,398.0,,,310.0,,,251.0,,,364.0,,,289.0,,,219.0,,,408.0,,,313.0,,,225.0,,,411.0,,,305.0,,,236.0,,,427.0,,,310.0,,,227.0,,1999-10-31,1999,10
,,,,,6.0,,,419.0,,,319.0,,,262.0,,,375.0,,,295.0,,,215.0,,,385.0,,,332.0,,,223.0,,,410.0,,,343.0,,,229.0,,,436.0,,,413.0,,,214.0,,1999-11-30,1999,11
,,,,,7.0,,,427.0,,,355.0,,,277.0,,,383.0,,,307.0,,,227.0,,,387.0,,,336.0,,,225.0,,,417.0,,,336.0,,,235.0,,,431.0,,,371.0,,,223.0,,1999-12-31,1999,12
,,,,,8.0,,,429.0,,,344.0,,,282.0,,,377.0,,,309.0,,,232.0,,,402.0,,,333.0,,,232.0,,,429.0,,,340.0,,,250.0,,,441.0,,,297.0,,,260.0,,2000-01-31,2000,1
,,,,,9.0,,,422.0,,,334.0,,,272.0,,,377.0,,,310.0,,,227.0,,,397.0,,,333.0,,,233.0,,,422.0,,,339.0,,,239.0,,,427.0,,,430.0,,,243.0,,2000-02-29,2000,2
,,,,,10.0,,,422.0,,,338.0,,,278.0,,,379.0,,,314.0,,,235.0,,,396.0,,,324.0,,,244.0,,,428.0,,,321.0,,,242.0,,,431.0,,,317.0,,,254.0,,2000-03-31,2000,3
,,,,,11.0,,,410.0,,,340.0,,,279.0,,,378.0,,,317.0,,,243.0,,,399.0,,,344.0,,,246.0,,,426.0,,,311.0,,,246.0,,,431.0,,,300.0,,,250.0,,2000-04-30,2000,4
,,,,,12.0,,,405.0,,,340.0,,,285.0,,,387.0,,,311.0,,,239.0,,,383.0,,,348.0,,,245.0,,,428.0,,,318.0,,,264.0,,,443.0,,,314.0,,,233.0,,2000-05-31,2000,5
,2017.0,,,,1.0,,,424.0,,,331.0,,,278.0,,,386.0,,,317.0,,,242.0,,,422.0,,,346.0,,,248.0,,,440.0,,,329.0,,,244.0,,,436.0,,,331.0,,,231.0,,2000-06-30,2000,6
,,,,,2.0,,,434.0,,,339.0,,,281.0,,,406.0,,,314.0,,,240.0,,,427.0,,,334.0,,,248.0,,,442.0,,,340.0,,,267.0,,,455.0,,,426.0,,,251.0,,2000-07-31,2000,7
,,,,,3.0,,,434.0,,,338.0,,,283.0,,,393.0,,,319.0,,,241.0,,,432.0,,,343.0,,,254.0,,,444.0,,,322.0,,,242.0,,,414.0,,,351.0,,,235.0,,2000-08-31,2000,8
,,,,,4.0,,,427.0,,,347.0,,,287.0,,,395.0,,,312.0,,,246.0,,,422.0,,,356.0,,,251.0,,,435.0,,,355.0,,,233.0,,,440.0,,,396.0,,,224.0,,2000-09-30,2000,9
,,,,,5.0,,,438.0,,,335.0,,,290.0,,,397.0,,,326.0,,,247.0,,,427.0,,,358.0,,,260.0,,,446.0,,,336.0,,,250.0,,,454.0,,,325.0,,,234.0,,2000-10-31,2000,10
,,,,,6.0,,,454.0,,,361.0,,,294.0,,,397.0,,,322.0,,,246.0,,,426.0,,,359.0,,,260.0,,,430.0,,,349.0,,,240.0,,,431.0,,,371.0,,,259.0,,2000-11-30,2000,11
,,,,,7.0,,,469.0,,,358.0,,,295.0,,,400.0,,,325.0,,,252.0,,,435.0,,,365.0,,,260.0,,,436.0,,,357.0,,,259.0,,,457.0,,,369.0,,,249.0,,2000-12-31,2000,12
,,,,,8.0,,,460.0,,,363.0,,,307.0,,,412.0,,,337.0,,,257.0,,,427.0,,,352.0,,,265.0,,,438.0,,,364.0,,,272.0,,,466.0,,,362.0,,,243.0,,2001-01-31,2001,1
,,,,,9.0,,,460.0,,,357.0,,,298.0,,,401.0,,,331.0,,,251.0,,,436.0,,,361.0,,,261.0,,,454.0,,,360.0,,,257.0,,,481.0,,,441.0,,,248.0,,2001-02-28,2001,2
,,,,,10.0,,,460.0,,,366.0,,,306.0,,,412.0,,,330.0,,,255.0,,,423.0,,,361.0,,,260.0,,,457.0,,,340.0,,,271.0,,,492.0,,,369.0,,,222.0,,2001-03-31,2001,3
,,,,,11.0,,,468.0,,,365.0,,,311.0,,,412.0,,,337.0,,,258.0,,,467.0,,,357.0,,,269.0,,,439.0,,,358.0,,,262.0,,,446.0,,,392.0,,,226.0,,2001-04-30,2001,4
,,,,,12.0,,,465.0,,,373.0,,,305.0,,,416.0,,,347.0,,,257.0,,,458.0,,,364.0,,,263.0,,,470.0,,,361.0,,,256.0,,,437.0,,,253.0,,,240.0,,2001-05-31,2001,5
,2018.0,,,,1.0,,,472.0,,,390.0,,,298.0,,,427.0,,,345.0,,,256.0,,,476.0,,,365.0,,,264.0,,,444.0,,,379.0,,,269.0,,,482.0,,,367.0,,,271.0,,2001-06-30,2001,6
,,,,,2.0,,,477.0,,,386.0,,,305.0,,,427.0,,,354.0,,,262.0,,,468.0,,,383.0,,,260.0,,,450.0,,,382.0,,,277.0,,,447.0,,,111.0,,,261.0,,2001-07-31,2001,7
,,,,,3.0,,,467.0,,,383.0,,,303.0,,,416.0,,,352.0,,,260.0,,,448.0,,,364.0,,,260.0,,,452.0,,,389.0,,,257.0,,,437.0,,,111.0,,,251.0,,2001-08-31,2001,8
,,,,,4.0,,,467.0,,,382.0,,,304.0,,,418.0,,,337.0,,,260.0,,,460.0,,,365.0,,,266.0,,,445.0,,,342.0,,,271.0,,,467.0,,,307.0,,,226.0,,2001-09-30,2001,9
,,,,,5.0,,,474.0,,,378.0,,,312.0,,,420.0,,,358.0,,,265.0,,,469.0,,,372.0,,,263.0,,,458.0,,,396.0,,,265.0,,,482.0,,,466.0,,,243.0,,2001-10-31,2001,10
,,,,,6.0,,,481.0,,,387.0,,,322.0,,,419.0,,,345.0,,,265.0,,,456.0,,,381.0,,,266.0,,,459.0,,,384.0,,,258.0,,,474.0,,,453.0,,,212.0,,2001-11-30,2001,11
,,,,,7.0,,,493.0,,,392.0,,,323.0,,,431.0,,,349.0,,,272.0,,,427.0,,,369.0,,,277.0,,,443.0,,,388.0,,,264.0,,,493.0,,,365.0,,,270.0,,2001-12-31,2001,12
,,,,,8.0,,,494.0,,,410.0,,,328.0,,,435.0,,,366.0,,,276.0,,,443.0,,,374.0,,,285.0,,,449.0,,,382.0,,,278.0,,,486.0,,,409.0,,,250.0,,2002-01-31,2002,1
,,,,,9.0,,,505.0,,,390.0,,,309.0,,,435.0,,,355.0,,,272.0,,,458.0,,,385.0,,,270.0,,,465.0,,,378.0,,,264.0,,,463.0,,,315.0,,,256.0,,2002-02-28,2002,2
,,,,,10.0,,,505.0,,,390.0,,,318.0,,,442.0,,,364.0,,,270.0,,,468.0,,,392.0,,,275.0,,,450.0,,,390.0,,,280.0,,,469.0,,,208.0,,,254.0,,2002-03-31,2002,3
,,,,,11.0,,,503.0,,,394.0,,,309.0,,,433.0,,,355.0,,,273.0,,,467.0,,,383.0,,,271.0,,,458.0,,,393.0,,,275.0,,,502.0,,,404.0,,,264.0,,2002-04-30,2002,4
,,,,,12.0,,,493.0,,,389.0,,,306.0,,,427.0,,,356.0,,,263.0,,,436.0,,,381.0,,,260.0,,,448.0,,,381.0,,,279.0,,,466.0,,,448.0,,,255.0,,2002-05-31,2002,5
,2019.0,,,,1.0,,,509.0,,,368.0,,,299.0,,,422.0,,,343.0,,,262.0,,,467.0,,,378.0,,,272.0,,,461.0,,,344.0,,,273.0,,,474.0,,,408.0,,,226.0,,2002-06-30,2002,6
,,,,,2.0,,,501.0,,,372.0,,,307.0,,,447.0,,,346.0,,,255.0,,,452.0,,,369.0,,,270.0,,,469.0,,,354.0,,,275.0,,,523.0,,,301.0,,,275.0,,2002-07-31,2002,7
,,,,,3.0,,,485.0,,,381.0,,,309.0,,,432.0,,,353.0,,,262.0,,,458.0,,,368.0,,,265.0,,,489.0,,,355.0,,,278.0,,,458.0,,,440.0,,,219.0,,2002-08-31,2002,8
,,,,,4.0,,,499.0,,,380.0,,,307.0,,,432.0,,,334.0,,,263.0,,,441.0,,,372.0,,,267.0,,,452.0,,,381.0,,,274.0,,,460.0,,,311.0,,,230.0,,2002-09-30,2002,9
,,,,,5.0,,,492.0,,,380.0,,,308.0,,,431.0,,,364.0,,,266.0,,,452.0,,,378.0,,,270.0,,,464.0,,,359.0,,,268.0,,,474.0,,,303.0,,,255.0,,2002-10-31,2002,10
,,,,,6.0,,,524.0,,,395.0,,,314.0,,,428.0,,,357.0,,,263.0,,,459.0,,,369.0,,,271.0,,,460.0,,,407.0,,,254.0,,,462.0,,,328.0,,,265.0,,2002-11-30,2002,11
,,,,,7.0,,,521.0,,,405.0,,,330.0,,,440.0,,,358.0,,,277.0,,,459.0,,,365.0,,,280.0,,,477.0,,,345.0,,,271.0,,,461.0,,,369.0,,,231.0,,2002-12-31,2002,12
,,,,,8.0,,,533.0,,,417.0,,,335.0,,,443.0,,,364.0,,,278.0,,,454.0,,,382.0,,,279.0,,,462.0,,,369.0,,,280.0,,,490.0,,,317.0,,,261.0,,2003-01-31,2003,1
,,,,,9.0,,,515.0,,,393.0,,,318.0,,,436.0,,,350.0,,,265.0,,,451.0,,,367.0,,,275.0,,,461.0,,,351.0,,,265.0,,,472.0,,,479.0,,,221.0,,2003-02-28,2003,2
,,,,,10.0,,,491.0,,,377.0,,,310.0,,,421.0,,,341.0,,,264.0,,,426.0,,,360.0,,,262.0,,,444.0,,,352.0,,,265.0,,,470.0,,,470.0,,,241.0,,2003-03-31,2003,3
,,,,,11.0,,,486.0,,,395.0,,,311.0,,,418.0,,,338.0,,,259.0,,,440.0,,,357.0,,,263.0,,,416.0,,,354.0,,,248.0,,,460.0,,,375.0,,,251.0,,2003-04-30,2003,4
,,,,,12.0,,,468.0,,,386.0,,,311.0,,,419.0,,,340.0,,,265.0,,,436.0,,,385.0,,,264.0,,,435.0,,,376.0,,,259.0,,,417.0,,,419.0,,,255.0,,2003-05-31,2003,5
,2020.0,,,,1.0,,,465.0,,,380.0,,,294.0,,,414.0,,,333.0,,,260.0,,,434.0,,,358.0,,,262.0,,,439.0,,,342.0,,,262.0,,,445.0,,,403.0,,,259.0,,2003-06-30,2003,6
,,,,,2.0,,,458.0,,,384.0,,,301.0,,,418.0,,,333.0,,,260.0,,,437.0,,,367.0,,,262.0,,,424.0,,,367.0,,,249.0,,,431.0,,,403.0,,,260.0,,2003-07-31,2003,7
,,,,,3.0,,,450.0,,,367.0,,,299.0,,,396.0,,,337.0,,,246.0,,,413.0,,,340.0,,,250.0,,,425.0,,,346.0,,,236.0,,,437.0,,,294.0,,,252.0,,2003-08-31,2003,8
,,,,,4.0,,,436.0,,,367.0,,,285.0,,,397.0,,,326.0,,,249.0,,,396.0,,,343.0,,,245.0,,,417.0,,,340.0,,,253.0,,,423.0,,,329.0,,,247.0,,2003-09-30,2003,9
,,,,,5.0,,,428.0,,,361.0,,,294.0,,,387.0,,,327.0,,,252.0,,,416.0,,,355.0,,,254.0,,,400.0,,,331.0,,,254.0,,,443.0,,,291.0,,,218.0,,2003-10-31,2003,10
,,,,,6.0,,,456.0,,,378.0,,,298.0,,,392.0,,,337.0,,,251.0,,,412.0,,,360.0,,,251.0,,,402.0,,,338.0,,,236.0,,,417.0,,,299.0,,,226.0,,2003-11-30,2003,11
,,,,,7.0,,,461.0,,,377.0,,,302.0,,,393.0,,,330.0,,,252.0,,,413.0,,,345.0,,,254.0,,,424.0,,,337.0,,,254.0,,,420.0,,,333.0,,,220.0,,2003-12-31,2003,12
,,,,,8.0,,,446.0,,,373.0,,,304.0,,,393.0,,,333.0,,,258.0,,,397.0,,,339.0,,,258.0,,,414.0,,,348.0,,,268.0,,,406.0,,,396.0,,,229.0,,2004-01-31,2004,1
,,,,,9.0,,,442.0,,,370.0,,,299.0,,,388.0,,,323.0,,,251.0,,,416.0,,,345.0,,,264.0,,,428.0,,,326.0,,,241.0,,,410.0,,,292.0,,,218.0,,2004-02-29,2004,2
,,,,,10.0,,,443.0,,,365.0,,,305.0,,,387.0,,,328.0,,,260.0,,,400.0,,,345.0,,,259.0,,,411.0,,,332.0,,,258.0,,,416.0,,,350.0,,,226.0,,2004-03-31,2004,3
,,,,,11.0,,,431.0,,,368.0,,,301.0,,,391.0,,,326.0,,,257.0,,,406.0,,,336.0,,,257.0,,,412.0,,,336.0,,,252.0,,,428.0,,,346.0,,,250.0,,2004-04-30,2004,4
,,,,,12.0,,,427.0,,,362.0,,,303.0,,,389.0,,,327.0,,,258.0,,,383.0,,,342.0,,,261.0,,,413.0,,,349.0,,,277.0,,,436.0,,,406.0,,,220.0,,2004-05-31,2004,5
,2021.0,,,,1.0,,,433.0,,,360.0,,,292.0,,,379.0,,,325.0,,,252.0,,,387.0,,,346.0,,,252.0,,,413.0,,,325.0,,,272.0,,,401.0,,,397.0,,,249.0,,2004-06-30,2004,6
,,,,,2.0,,,442.0,,,355.0,,,293.0,,,382.0,,,324.0,,,256.0,,,402.0,,,350.0,,,258.0,,,398.0,,,329.0,,,250.0,,,396.0,,,453.0,,,246.0,,2004-07-31,2004,7
,,,,,3.0,,,435.0,,,367.0,,,293.0,,,385.0,,,327.0,,,254.0,,,417.0,,,348.0,,,259.0,,,405.0,,,359.0,,,253.0,,,397.0,,,283.0,,,238.0,,2004-08-31,2004,8
,,,,,4.0,,,430.0,,,364.0,,,300.0,,,378.0,,,322.0,,,256.0,,,397.0,,,345.0,,,258.0,,,412.0,,,334.0,,,257.0,,,452.0,,,422.0,,,207.0,,2004-09-30,2004,9
,,,,,5.0,,,446.0,,,378.0,,,306.0,,,398.0,,,335.0,,,257.0,,,413.0,,,359.0,,,262.0,,,420.0,,,352.0,,,264.0,,,432.0,,,391.0,,,236.0,,2004-10-31,2004,10
,,,,,6.0,,,440.0,,,366.0,,,300.0,,,391.0,,,329.0,,,254.0,,,415.0,,,350.0,,,264.0,,,434.0,,,357.0,,,245.0,,,431.0,,,330.0,,,252.0,,2004-11-30,2004,11
,,,,,7.0,,,449.0,,,371.0,,,310.0,,,392.0,,,328.0,,,258.0,,,412.0,,,337.0,,,262.0,,,418.0,,,348.0,,,265.0,,,426.0,,,346.0,,,234.0,,2004-12-31,2004,12
,,,,,8.0,,,449.0,,,389.0,,,319.0,,,390.0,,,345.0,,,266.0,,,411.0,,,347.0,,,268.0,,,425.0,,,346.0,,,256.0,,,416.0,,,350.0,,,229.0,,2005-01-31,2005,1
,,,,,9.0,,,463.0,,,397.0,,,312.0,,,398.0,,,334.0,,,261.0,,,417.0,,,357.0,,,272.0,,,412.0,,,336.0,,,262.0,,,430.0,,,384.0,,,251.0,,2005-02-28,2005,2
,,,,,10.0,,,460.0,,,390.0,,,311.0,,,410.0,,,331.0,,,266.0,,,409.0,,,349.0,,,271.0,,,428.0,,,364.0,,,272.0,,,432.0,,,370.0,,,243.0,,2005-03-31,2005,3
,,,,,11.0,,,442.0,,,382.0,,,314.0,,,407.0,,,333.0,,,268.0,,,399.0,,,347.0,,,260.0,,,428.0,,,387.0,,,250.0,,,412.0,,,466.0,,,279.0,,2005-04-30,2005,4
,,,,,12.0,,,445.0,,,385.0,,,318.0,,,401.0,,,335.0,,,264.0,,,408.0,,,364.0,,,261.0,,,419.0,,,350.0,,,266.0,,,421.0,,,430.0,,,256.0,,2005-05-31,2005,5
,2022.0,,,,1.0,,,430.0,,,380.0,,,312.0,,,393.0,,,336.0,,,263.0,,,396.0,,,348.0,,,273.0,,,437.0,,,337.0,,,268.0,,,438.0,,,352.0,,,247.0,,2005-06-30,2005,6
,,,,,2.0,,,454.0,,,375.0,,,304.0,,,404.0,,,331.0,,,261.0,,,407.0,,,361.0,,,259.0,,,427.0,,,328.0,,,264.0,,,441.0,,,359.0,,,247.0,,2005-07-31,2005,7
,,,,,3.0,,,432.0,,,378.0,,,313.0,,,384.0,,,330.0,,,255.0,,,398.0,,,349.0,,,260.0,,,422.0,,,330.0,,,248.0,,,446.0,,,381.0,,,235.0,,2005-08-31,2005,8
,,,,,4.0,,,427.0,,,368.0,,,300.0,,,371.0,,,317.0,,,249.0,,,391.0,,,335.0,,,254.0,,,408.0,,,344.0,,,255.0,,,429.0,,,372.0,,,216.0,,2005-09-30,2005,9
,,,,,5.0,,,438.0,,,370.0,,,303.0,,,382.0,,,324.0,,,252.0,,,392.0,,,349.0,,,258.0,,,412.0,,,330.0,,,252.0,,,402.0,,,281.0,,,225.0,,2005-10-31,2005,10
,,,,,6.0,,,442.0,,,368.0,,,299.0,,,377.0,,,320.0,,,251.0,,,387.0,,,329.0,,,260.0,,,419.0,,,344.0,,,265.0,,,425.0,,,300.0,,,217.0,,2005-11-30,2005,11
,,,,,7.0,,,446.0,,,373.0,,,311.0,,,385.0,,,320.0,,,258.0,,,407.0,,,340.0,,,255.0,,,421.0,,,331.0,,,247.0,,,435.0,,,342.0,,,212.0,,2005-12-31,2005,12
,,,,,8.0,,,453.0,,,384.0,,,320.0,,,381.0,,,330.0,,,261.0,,,404.0,,,331.0,,,258.0,,,399.0,,,334.0,,,255.0,,,413.0,,,367.0,,,234.0,,2006-01-31,2006,1
,,,,,9.0,,,459.0,,,382.0,,,310.0,,,386.0,,,323.0,,,255.0,,,403.0,,,337.0,,,261.0,,,409.0,,,329.0,,,256.0,,,413.0,,,326.0,,,239.0,,2006-02-28,2006,2
,,,,,10.0,,,455.0,,,379.0,,,306.0,,,380.0,,,315.0,,,256.0,,,392.0,,,349.0,,,255.0,,,397.0,,,316.0,,,243.0,,,426.0,,,287.0,,,226.0,,2006-03-31,2006,3
,,,,,11.0,,,434.0,,,380.0,,,302.0,,,376.0,,,317.0,,,250.0,,,415.0,,,326.0,,,251.0,,,415.0,,,327.0,,,243.0,,,425.0,,,386.0,,,213.0,,2006-04-30,2006,4
,,,,,12.0,,,439.0,,,371.0,,,300.0,,,369.0,,,323.0,,,245.0,,,400.0,,,341.0,,,251.0,,,407.0,,,318.0,,,246.0,,,434.0,,,319.0,,,212.0,,2006-05-31,2006,5
,2023.0,,,,1.0,,,446.0,,,377.0,,,292.0,,,369.0,,,323.0,,,245.0,,,432.0,,,332.0,,,242.0,,,419.0,,,335.0,,,249.0,,,389.0,,,344.0,,,210.0,,2006-06-30,2006,6
,,,,,2.0,,,441.0,,,378.0,,,301.0,,,370.0,,,321.0,,,248.0,,,407.0,,,344.0,,,243.0,,,407.0,,,345.0,,,238.0,,,402.0,,,405.0,,,218.0,,2006-07-31,2006,7
,,,,,3.0,,,448.0,,,378.0,,,302.0,,,374.0,,,333.0,,,250.0,,,401.0,,,343.0,,,253.0,,,409.0,,,342.0,,,247.0,,,415.0,,,476.0,,,206.0,,2006-08-31,2006,8
,,,,,4.0,,,445.0,,,391.0,,,312.0,,,373.0,,,329.0,,,251.0,,,416.0,,,354.0,,,250.0,,,418.0,,,324.0,,,244.0,,,423.0,,,383.0,,,221.0,,2006-09-30,2006,9
,,,,,5.0,,,429.0,,,385.0,,,304.0,,,374.0,,,336.0,,,254.0,,,412.0,,,349.0,,,255.0,,,426.0,,,340.0,,,242.0,,,453.0,,,361.0,,,231.0,,2006-10-31,2006,10
,,,,,6.0,,,436.0,,,387.0,,,309.0,,,381.0,,,338.0,,,250.0,,,411.0,,,353.0,,,254.0,,,431.0,,,377.0,,,244.0,,,428.0,,,390.0,,,233.0,,2006-11-30,2006,11
,,,,,7.0,,,461.0,,,392.0,,,314.0,,,376.0,,,339.0,,,258.0,,,410.0,,,345.0,,,261.0,,,437.0,,,348.0,,,260.0,,,437.0,,,416.0,,,222.0,,2006-12-31,2006,12
,,,,,8.0,,,462.0,,,418.0,,,333.0,,,382.0,,,348.0,,,269.0,,,409.0,,,347.0,,,260.0,,,428.0,,,371.0,,,257.0,,,432.0,,,282.0,,,240.0,,2007-01-31,2007,1
,,,,,9.0,,,481.0,,,402.0,,,312.0,,,390.0,,,348.0,,,260.0,,,403.0,,,354.0,,,257.0,,,424.0,,,355.0,,,244.0,,,434.0,,,605.0,,,222.0,,2007-02-28,2007,2
,,,,,10.0,,,468.0,,,440.0,,,315.0,,,391.0,,,346.0,,,263.0,,,423.0,,,360.0,,,271.0,,,442.0,,,364.0,,,266.0,,,471.0,,,387.0,,,237.0,,2007-03-31,2007,3
,,,,,11.0,,,461.0,,,413.0,,,316.0,,,390.0,,,351.0,,,261.0,,,413.0,,,356.0,,,262.0,,,433.0,,,363.0,,,248.0,,,456.0,,,381.0,,,200.0,,2007-04-30,2007,4
,,,,,12.0,,,472.0,,,428.0,,,325.0,,,396.0,,,345.0,,,263.0,,,429.0,,,361.0,,,265.0,,,405.0,,,371.0,,,245.0,,,468.0,,,351.0,,,219.0,,2007-05-31,2007,5
,2024.0,,,,1.0,,,468.0,,,398.0,,,328.0,,,393.0,,,352.0,,,264.0,,,437.0,,,363.0,,,258.0,,,454.0,,,350.0,,,244.0,,,440.0,,,415.0,,,225.0,,2007-06-30,2007,6
,,,,,2.0,,,457.0,,,410.0,,,315.0,,,383.0,,,348.0,,,265.0,,,435.0,,,344.0,,,259.0,,,438.0,,,344.0,,,257.0,,,447.0,,,450.0,,,253.0,,2007-07-31,2007,7
,,,,,3.0,,,453.0,,,406.0,,,314.0,,,382.0,,,351.0,,,267.0,,,418.0,,,366.0,,,259.0,,,405.0,,,334.0,,,257.0,,,439.0,,,345.0,,,233.0,,2007-08-31,2007,8
,,,,,4.0,,,469.0,,,397.0,,,317.0,,,388.0,,,344.0,,,264.0,,,420.0,,,354.0,,,267.0,,,427.0,,,346.0,,,235.0,,,446.0,,,384.0,,,223.0,,2007-09-30,2007,9
,,,,,5.0,,,469.0,,,423.0,,,328.0,,,388.0,,,364.0,,,275.0,,,429.0,,,376.0,,,268.0,,,431.0,,,365.0,,,261.0,,,439.0,,,381.0,,,215.0,,2007-10-31,2007,10
,,,,,6.0,,,497.0,,,423.0,,,323.0,,,403.0,,,362.0,,,267.0,,,418.0,,,365.0,,,259.0,,,444.0,,,377.0,,,263.0,,,454.0,,,355.0,,,204.0,,2007-11-30,2007,11
,,,,,7.0,,,489.0,,,425.0,,,335.0,,,402.0,,,362.0,,,269.0,,,430.0,,,372.0,,,268.0,,,442.0,,,355.0,,,259.0,,,436.0,,,397.0,,,221.0,,2007-12-31,2007,12
,,,,,8.0,,,494.0,,,442.0,,,347.0,,,395.0,,,380.0,,,279.0,,,416.0,,,369.0,,,281.0,,,450.0,,,362.0,,,269.0,,,457.0,,,355.0,,,206.0,,2008-01-31,2008,1
,,,,,9.0,,,497.0,,,470.0,,,330.0,,,405.0,,,377.0,,,272.0,,,428.0,,,389.0,,,277.0,,,440.0,,,373.0,,,244.0,,,440.0,,,304.0,,,224.0,,2008-02-29,2008,2
,,,,,10.0,,,485.0,,,448.0,,,323.0,,,402.0,,,364.0,,,270.0,,,441.0,,,366.0,,,281.0,,,434.0,,,365.0,,,241.0,,,436.0,,,436.0,,,246.0,,2008-03-31,2008,3
,,,,,11.0,,,479.0,,,444.0,,,329.0,,,407.0,,,366.0,,,275.0,,,419.0,,,384.0,,,273.0,,,425.0,,,362.0,,,242.0,,,460.0,,,335.0,,,209.0,,2008-04-30,2008,4
,,,,,12.0,,,475.0,,,424.0,,,331.0,,,401.0,,,368.0,,,278.0,,,419.0,,,379.0,,,280.0,,,429.0,,,369.0,,,259.0,,,442.0,,,350.0,,,202.0,,2008-05-31,2008,5
,2025.0,,,,1.0,,,488.0,,,419.0,,,339.0,,,397.0,,,360.0,,,278.0,,,434.0,,,356.0,,,274.0,,,437.0,,,343.0,,,242.0,,,432.0,,,448.0,,,222.0,,2008-06-30,2008,6
,,,,,2.0,,,477.0,,,433.0,,,336.0,,,406.0,,,359.0,,,277.0,,,427.0,,,392.0,,,279.0,,,429.0,,,371.0,,,256.0,,,490.0,,,340.0,,,239.0,,2008-07-31,2008,7
,,,,,3.0,,,476.0,,,427.0,,,341.0,,,397.0,,,365.0,,,276.0,,,429.0,,,362.0,,,280.0,,,431.0,,,364.0,,,257.0,,,465.0,,,382.0,,,190.0,,2008-08-31,2008,8
,,,,,4.0,,,469.0,,,415.0,,,337.0,,,406.0,,,363.0,,,278.0,,,434.0,,,368.0,,,281.0,,,421.0,,,353.0,,,243.0,,,451.0,,,424.0,,,207.0,,2008-09-30,2008,9
,,,,,5.0,,,494.0,,,433.0,,,341.0,,,403.0,,,372.0,,,276.0,,,429.0,,,379.0,,,284.0,,,435.0,,,367.0,,,225.0,,,466.0,,,287.0,,,230.0,,2008-10-31,2008,10
,,,,,6.0,,,499.0,,,429.0,,,337.0,,,417.0,,,366.0,,,278.0,,,443.0,,,398.0,,,271.0,,,431.0,,,379.0,,,259.0,,,454.0,,,335.0,,,217.0,,2008-11-30,2008,11
,,,,,7.0,,,503.0,,,432.0,,,346.0,,,408.0,,,366.0,,,282.0,,,440.0,,,404.0,,,282.0,,,451.0,,,392.0,,,249.0,,,430.0,,,309.0,,,229.0,,2008-12-31,2008,12
,,,,,8.0,,,516.0,,,467.0,,,368.0,,,411.0,,,384.0,,,290.0,,,421.0,,,398.0,,,283.0,,,429.0,,,374.0,,,254.0,,,445.0,,,423.0,,,242.0,,2009-01-31,2009,1
,,,,,9.0,,,504.0,,,468.0,,,334.0,,,416.0,,,381.0,,,278.0,,,444.0,,,397.0,,,281.0,,,476.0,,,392.0,,,225.0,,,457.0,,,544.0,,,221.0,,2009-02-28,2009,2
,,,,,10.0,,,490.0,,,467.0,,,325.0,,,425.0,,,378.0,,,275.0,,,448.0,,,405.0,,,289.0,,,455.0,,,374.0,,,234.0,,,491.0,,,471.0,,,229.0,,2009-03-31,2009,3
,,,,,11.0,,,508.0,,,443.0,,,338.0,,,437.0,,,394.0,,,283.0,,,459.0,,,401.0,,,290.0,,,453.0,,,393.0,,,228.0,,,528.0,,,387.0,,,210.0,,2009-04-30,2009,4
,,,,,,,,508.0,,,443.0,,,338.0,,,437.0,,,394.0,,,283.0,,,459.0,,,401.0,,,290.0,,,453.0,,,393.0,,,228.0,,,528.0,,,387.0,,,210.0,,2009-05-31,2009,5
,,,,,,,,508.0,,,443.0,,,338.0,,,437.0,,,394.0,,,283.0,,,459.0,,,401.0,,,290.0,,,453.0,,,393.0,,,228.0,,,528.0,,,387.0,,,210.0,,2009-06-30,2009,6
,,,,,,,,508.0,,,443.0,,,338.0,,,437.0,,,394.0,,,283.0,,,459.0,,,401.0,,,290.0,,,453.0,,,393.0,,,228.0,,,528.0,,,387.0,,,210.0,,2009-07-31,2009,7
,,,,,,,,508.0,,,443.0,,,338.0,,,437.0,,,394.0,,,283.0,,,459.0,,,401.0,,,290.0,,,453.0,,,393.0,,,228.0,,,528.0,,,387.0,,,210.0,,2009-08-31,2009,8
,,,,,,,,508.0,,,443.0,,,338.0,,,437.0,,,394.0,,,283.0,,,459.0,,,401.0,,,290.0,,,453.0,,,393.0,,,228.0,,,528.0,,,387.0,,,210.0,,2009-09-30,2009,9
,,,,,,,,508.0,,,443.0,,,338.0,,,437.0,,,394.0,,,283.0,,,459.0,,,401.0,,,290.0,,,453.0,,,393.0,,,228.0,,,528.0,,,387.0,,,210.0,,2009-10-31,2009,10
,,,,,,,,508.0,,,443.0,,,338.0,,,437.0,,,394.0,,,283.0,,,459.0,,,401.0,,,290.0,,,453.0,,,393.0,,,228.0,,,528.0,,,387.0,,,210.0,,2009-11-30,2009,11
